TimeStamp,Date,Time,Known Location,City,Accuracy
1511542681,11/24/2017,9:58:01 PM,Street 14,Islamabad,21.22999954
1511542688,11/24/2017,9:58:08 PM,Street 14,Islamabad,21.67099953
1511542694,11/24/2017,9:58:14 PM,Street 14,Islamabad,21.85899925
1511542713,11/24/2017,9:58:33 PM,Street 14,Islamabad,21.82699966
1511542733,11/24/2017,9:58:53 PM,Street 14,Islamabad,20.39999962
1511542884,11/24/2017,10:01:24 PM,Street 14,Islamabad,21.52199936
1511542945,11/24/2017,10:02:25 PM,Street 14,Islamabad,20.89999962
1511543307,11/24/2017,10:08:27 PM,Street 14,Islamabad,21.82299995
1511543531,11/24/2017,10:12:11 PM,Street 14,Islamabad,21.90299988
1511543551,11/24/2017,10:12:31 PM,Street 14,Islamabad,21.9489994
1511543570,11/24/2017,10:12:50 PM,Street 14,Islamabad,21.67000008
1511543712,11/24/2017,10:15:12 PM,Street 14,Islamabad,21.85199928
1511543833,11/24/2017,10:17:13 PM,Street 14,Islamabad,21.4489994
1511544193,11/24/2017,10:23:13 PM,Street 14,Islamabad,20.89999962
1511544553,11/24/2017,10:29:13 PM,Street 14,Islamabad,21.88199997
1511544928,11/24/2017,10:35:28 PM,Street 14,Islamabad,21.61499977
1511545329,11/24/2017,10:42:09 PM,Street 14,Islamabad,21.6760006
1511545705,11/24/2017,10:48:25 PM,Street 14,Islamabad,21.61000061
1511546065,11/24/2017,10:54:25 PM,Street 14,Islamabad,23.60000038
1511546426,11/24/2017,11:00:26 PM,Street 14,Islamabad,21.61100006
1511546890,11/24/2017,11:08:10 PM,Street 14,Islamabad,21.20299911
1511547251,11/24/2017,11:14:11 PM,Street 14,Islamabad,20.88800049
1511547611,11/24/2017,11:20:11 PM,Street 14,Islamabad,21.14999962
1511547971,11/24/2017,11:26:11 PM,Street 14,Islamabad,21.44300079
1511548380,11/24/2017,11:33:00 PM,Street 14,Islamabad,21.875
1511548751,11/24/2017,11:39:11 PM,Street 14,Islamabad,21.37599945
1511548872,11/24/2017,11:41:12 PM,Street 14,Islamabad,21.73699951
1511549112,11/24/2017,11:45:12 PM,Street 14,Islamabad,20.39999962
1511549299,11/24/2017,11:48:19 PM,Street 14,Islamabad,21.71299934
1511549490,11/24/2017,11:51:30 PM,Street 14,Islamabad,21.45000076
1511549850,11/24/2017,11:57:30 PM,Street 14,Islamabad,21.25399971
1511550092,11/25/2017,12:01:32 AM,Street 14,Islamabad,21.67399979
1511550112,11/25/2017,12:01:52 AM,Street 14,Islamabad,20.89999962
1511550132,11/25/2017,12:02:12 AM,Street 14,Islamabad,20.89699936
1511550274,11/25/2017,12:04:34 AM,Street 14,Islamabad,21.78199959
1511550636,11/25/2017,12:10:36 AM,Street 14,Islamabad,20
1511550756,11/25/2017,12:12:36 AM,Street 14,Islamabad,21.46699905
1511550940,11/25/2017,12:15:40 AM,Street 14,Islamabad,21.8239994
1511551300,11/25/2017,12:21:40 AM,Street 14,Islamabad,32.09999847
1511551536,11/25/2017,12:25:36 AM,Street 14,Islamabad,21.15099907
1511551735,11/25/2017,12:28:55 AM,Street 14,Islamabad,21.91399956
1511551755,11/25/2017,12:29:15 AM,Street 14,Islamabad,21.88199997
1511551775,11/25/2017,12:29:35 AM,Street 14,Islamabad,21.9489994
1511551800,11/25/2017,12:30:00 AM,Street 14,Islamabad,34.40000153
1511552161,11/25/2017,12:36:01 AM,Street 14,Islamabad,21.625
1511552521,11/25/2017,12:42:01 AM,Street 14,Islamabad,21.73200035
1511552907,11/25/2017,12:48:27 AM,Street 14,Islamabad,20.10000038
1511553337,11/25/2017,12:55:37 AM,Street 14,Islamabad,21.56500053
1511553512,11/25/2017,12:58:32 AM,Street 14,Islamabad,21.38800049
1511553641,11/25/2017,1:00:41 AM,Street 14,Islamabad,21.78700066
1511553843,11/25/2017,1:04:03 AM,Street 14,Islamabad,21.37299919
1511554081,11/25/2017,1:08:01 AM,Street 14,Islamabad,21.29599953
1511554455,11/25/2017,1:14:15 AM,Street 14,Islamabad,21.6079998
1511554530,11/25/2017,1:15:30 AM,Street 14,Islamabad,21.74799919
1511597636,11/25/2017,1:13:56 PM,Street 14,Islamabad,21.7329998
1511597656,11/25/2017,1:14:16 PM,Street 14,Islamabad,21.17900085
1511597676,11/25/2017,1:14:36 PM,Street 14,Islamabad,21.5189991
1511597951,11/25/2017,1:19:11 PM,Street 14,Islamabad,26.39999962
1511598326,11/25/2017,1:25:26 PM,Street 14,Islamabad,21.16900063
1511598696,11/25/2017,1:31:36 PM,Street 14,Islamabad,21.22200012
1511613971,11/25/2017,5:46:11 PM,Service Road North,Islamabad,1399.999023
1511614104,11/25/2017,5:48:24 PM,Street 14,Islamabad,21.83699989
1511614475,11/25/2017,5:54:35 PM,Street 14,Islamabad,22.54000092
1511614834,11/25/2017,6:00:34 PM,Street 14,Islamabad,21.50600052
1511615557,11/25/2017,6:12:37 PM,Street 14,Islamabad,21.45000076
1511615918,11/25/2017,6:18:38 PM,Street 14,Islamabad,20
1511616278,11/25/2017,6:24:38 PM,Street 14,Islamabad,21.03000069
1511616639,11/25/2017,6:30:39 PM,Street 14,Islamabad,21.5739994
1511616999,11/25/2017,6:36:39 PM,Street 14,Islamabad,21.52199936
1511617361,11/25/2017,6:42:41 PM,Street 14,Islamabad,21.04299927
1511617721,11/25/2017,6:48:41 PM,Street 14,Islamabad,21.69400024
1511618082,11/25/2017,6:54:42 PM,Street 14,Islamabad,20
1511618479,11/25/2017,7:01:19 PM,Street 14,Islamabad,21.16600037
1511618839,11/25/2017,7:07:19 PM,Street 14,Islamabad,20
1511619229,11/25/2017,7:13:49 PM,Street 14,Islamabad,21.18300056
1511619592,11/25/2017,7:19:52 PM,Street 14,Islamabad,21.45599937
1511619954,11/25/2017,7:25:54 PM,Street 14,Islamabad,21.54100037
1511620317,11/25/2017,7:31:57 PM,Street 14,Islamabad,21.44099998
1511620679,11/25/2017,7:37:59 PM,Street 14,Islamabad,21.52199936
1511621041,11/25/2017,7:44:01 PM,Street 14,Islamabad,21.11499977
1511621220,11/25/2017,7:47:00 PM,Street 14,Islamabad,21.67499924
1511621398,11/25/2017,7:49:58 PM,Street 14,Islamabad,21.62700081
1511621521,11/25/2017,7:52:01 PM,Street 14,Islamabad,21.04500008
1511621717,11/25/2017,7:55:17 PM,Street 14,Islamabad,21.83200073
1511622031,11/25/2017,8:00:31 PM,Street 14,Islamabad,21.19300079
1511622393,11/25/2017,8:06:33 PM,Street 14,Islamabad,21.18799973
1511622513,11/25/2017,8:08:33 PM,Street 14,Islamabad,20
1511622902,11/25/2017,8:15:02 PM,Street 14,Islamabad,20
1511623281,11/25/2017,8:21:21 PM,Street 14,Islamabad,21.24300003
1511623641,11/25/2017,8:27:21 PM,Street 14,Islamabad,21.56999969
1511624083,11/25/2017,8:34:43 PM,Service Road North,Islamabad,1399.999023
1511628098,11/25/2017,9:41:38 PM,Service Road North,Islamabad,1399.999023
1511628374,11/25/2017,9:46:14 PM,Street 14,Islamabad,22.42200089
1511628752,11/25/2017,9:52:32 PM,Service Road North,Islamabad,1399.999023
1511629005,11/25/2017,9:56:45 PM,Service Road North,Islamabad,1399.999023
1511629022,11/25/2017,9:57:02 PM,Street 14,Islamabad,21.60000038
1511629293,11/25/2017,10:01:33 PM,Street 14,Islamabad,21.38100052
1511629654,11/25/2017,10:07:34 PM,Street 14,Islamabad,21.22599983
1511630014,11/25/2017,10:13:34 PM,Street 14,Islamabad,21.39599991
1511630375,11/25/2017,10:19:35 PM,Street 14,Islamabad,21.4489994
1511630496,11/25/2017,10:21:36 PM,Street 14,Islamabad,20.89999962
1511630857,11/25/2017,10:27:37 PM,Street 14,Islamabad,21.41799927
1511631251,11/25/2017,10:34:11 PM,Street 14,Islamabad,21.65699959
1511631611,11/25/2017,10:40:11 PM,Street 14,Islamabad,21.88299942
1511632010,11/25/2017,10:46:50 PM,Street 14,Islamabad,21.6760006
1511632371,11/25/2017,10:52:51 PM,Street 14,Islamabad,21.45899963
1511632741,11/25/2017,10:59:01 PM,Street 14,Islamabad,21.04599953
1511633136,11/25/2017,11:05:36 PM,Street 14,Islamabad,21.12899971
1511633515,11/25/2017,11:11:55 PM,Street 14,Islamabad,21.34600067
1511633876,11/25/2017,11:17:56 PM,Street 14,Islamabad,21.27199936
1511634336,11/25/2017,11:25:36 PM,Street 14,Islamabad,20
1511634685,11/25/2017,11:31:25 PM,Street 14,Islamabad,20
1511634823,11/25/2017,11:33:43 PM,Street 14,Islamabad,20
1511635149,11/25/2017,11:39:09 PM,Street 14,Islamabad,21.125
1511635335,11/25/2017,11:42:15 PM,Street 14,Islamabad,20.86899948
1511635715,11/25/2017,11:48:35 PM,Street 14,Islamabad,20.89999962
1511636077,11/25/2017,11:54:37 PM,Street 14,Islamabad,23.60000038
1511636361,11/25/2017,11:59:21 PM,Street 14,Islamabad,21.76600075
1511636494,11/26/2017,12:01:34 AM,Street 14,Islamabad,20
1511636881,11/26/2017,12:08:01 AM,Street 14,Islamabad,21.39800072
1511637053,11/26/2017,12:10:53 AM,Street 14,Islamabad,21.65200043
1511637193,11/26/2017,12:13:13 AM,Street 14,Islamabad,20.39999962
1511637381,11/26/2017,12:16:21 AM,Street 14,Islamabad,21.67300034
1511637845,11/26/2017,12:24:05 AM,Street 14,Islamabad,21.44000053
1511638210,11/26/2017,12:30:10 AM,Street 14,Islamabad,20
1511638572,11/26/2017,12:36:12 AM,Street 14,Islamabad,20
1511638872,11/26/2017,12:41:12 AM,Street 14,Islamabad,20
1511638996,11/26/2017,12:43:16 AM,Street 14,Islamabad,21.58300018
1511639244,11/26/2017,12:47:24 AM,Street 14,Islamabad,20
1511639479,11/26/2017,12:51:19 AM,Street 14,Islamabad,21.43199921
1511639706,11/26/2017,12:55:06 AM,Street 14,Islamabad,21.63500023
1511640095,11/26/2017,1:01:35 AM,Street 14,Islamabad,21.72999954
1511640454,11/26/2017,1:07:34 AM,Street 14,Islamabad,21.42700005
1511640674,11/26/2017,1:11:14 AM,Street 14,Islamabad,21.60099983
1511641165,11/26/2017,1:19:25 AM,Street 14,Islamabad,21.69199944
1511641193,11/26/2017,1:19:53 AM,Street 14,Islamabad,21.58499908
1511641500,11/26/2017,1:25:00 AM,Street 14,Islamabad,21.43000031
1511641727,11/26/2017,1:28:47 AM,Street 14,Islamabad,21.58799934
1511641747,11/26/2017,1:29:07 AM,Street 14,Islamabad,21.72200012
1511642062,11/26/2017,1:34:22 AM,Street 14,Islamabad,21.7329998
1511642153,11/26/2017,1:35:53 AM,Street 14,Islamabad,21.68899918
1511642189,11/26/2017,1:36:29 AM,Street 14,Islamabad,21.66500092
1511642311,11/26/2017,1:38:31 AM,Street 14,Islamabad,21.76600075
1511642461,11/26/2017,1:41:01 AM,Street 14,Islamabad,21.72900009
1511642611,11/26/2017,1:43:31 AM,Street 14,Islamabad,21.68700027
1511642641,11/26/2017,1:44:01 AM,Street 14,Islamabad,21.72999954
1511643001,11/26/2017,1:50:01 AM,Street 14,Islamabad,21.64299965
1511643196,11/26/2017,1:53:16 AM,Street 14,Islamabad,21.74099922
1511643420,11/26/2017,1:57:00 AM,Street 14,Islamabad,21.75200081
1511643802,11/26/2017,2:03:22 AM,Street 14,Islamabad,21.60700035
1511644038,11/26/2017,2:07:18 AM,Street 14,Islamabad,21.43700027
1511644202,11/26/2017,2:10:02 AM,Street 14,Islamabad,21.48600006
1511644561,11/26/2017,2:16:01 AM,Street 14,Islamabad,21.77599907
1511644931,11/26/2017,2:22:11 AM,Street 14,Islamabad,21.65999985
1511645320,11/26/2017,2:28:40 AM,Street 14,Islamabad,21.78000069
1511645692,11/26/2017,2:34:52 AM,Street 14,Islamabad,21.42200089
1511645881,11/26/2017,2:38:01 AM,Street 14,Islamabad,20.80200005
1511646193,11/26/2017,2:43:13 AM,Street 14,Islamabad,21.34199905
1511646328,11/26/2017,2:45:28 AM,Street 14,Islamabad,21.4470005
1511646688,11/26/2017,2:51:28 AM,Street 14,Islamabad,21.61400032
1511647074,11/26/2017,2:57:54 AM,Street 14,Islamabad,21.26300049
1511647479,11/26/2017,3:04:39 AM,Street 14,Islamabad,21.54800034
1511647840,11/26/2017,3:10:40 AM,Street 14,Islamabad,21.62999916
1511648202,11/26/2017,3:16:42 AM,Street 14,Islamabad,21.45899963
1511648564,11/26/2017,3:22:44 AM,Street 14,Islamabad,21.56800079
1511648926,11/26/2017,3:28:46 AM,Street 14,Islamabad,21.38800049
1511649289,11/26/2017,3:34:49 AM,Street 14,Islamabad,21.60300064
1511649651,11/26/2017,3:40:51 AM,Street 14,Islamabad,21.62100029
1511650012,11/26/2017,3:46:52 AM,Street 14,Islamabad,21.40800095
1511650374,11/26/2017,3:52:54 AM,Street 14,Islamabad,21.47900009
1511650736,11/26/2017,3:58:56 AM,Street 14,Islamabad,21.47800064
1511651098,11/26/2017,4:04:58 AM,Street 14,Islamabad,21.62000084
1511651460,11/26/2017,4:11:00 AM,Street 14,Islamabad,21.58099937
1511651822,11/26/2017,4:17:02 AM,Street 14,Islamabad,21.47599983
1511652184,11/26/2017,4:23:04 AM,Street 14,Islamabad,21.51300049
1511652545,11/26/2017,4:29:05 AM,Street 14,Islamabad,21.31299973
1511652907,11/26/2017,4:35:07 AM,Street 14,Islamabad,21.4810009
1511653269,11/26/2017,4:41:09 AM,Street 14,Islamabad,21.62000084
1511653631,11/26/2017,4:47:11 AM,Street 14,Islamabad,21.62100029
1511653993,11/26/2017,4:53:13 AM,Street 14,Islamabad,21.46500015
1511654356,11/26/2017,4:59:16 AM,Street 14,Islamabad,21.43000031
1511654718,11/26/2017,5:05:18 AM,Street 14,Islamabad,21.34199905
1511655080,11/26/2017,5:11:20 AM,Street 14,Islamabad,21.7159996
1511655480,11/26/2017,5:18:00 AM,Street 14,Islamabad,21.72500038
1511655845,11/26/2017,5:24:05 AM,Street 14,Islamabad,21.61599922
1511656237,11/26/2017,5:30:37 AM,Street 14,Islamabad,21.63199997
1511656581,11/26/2017,5:36:21 AM,Street 14,Islamabad,21.4489994
1511656620,11/26/2017,5:37:00 AM,Street 14,Islamabad,21.46800041
1511657014,11/26/2017,5:43:34 AM,Street 14,Islamabad,21.41399956
1511657382,11/26/2017,5:49:42 AM,Street 14,Islamabad,21.71500015
1511657744,11/26/2017,5:55:44 AM,Street 14,Islamabad,21.625
1511658106,11/26/2017,6:01:46 AM,Street 14,Islamabad,21.62800026
1511658468,11/26/2017,6:07:48 AM,Street 14,Islamabad,21.63800049
1511658830,11/26/2017,6:13:50 AM,Street 14,Islamabad,21.54299927
1511659204,11/26/2017,6:20:04 AM,Street 14,Islamabad,21.62299919
1511659565,11/26/2017,6:26:05 AM,Street 14,Islamabad,21.51199913
1511659927,11/26/2017,6:32:07 AM,Street 14,Islamabad,21.49600029
1511660287,11/26/2017,6:38:07 AM,Street 14,Islamabad,21.60099983
1511660648,11/26/2017,6:44:08 AM,Street 14,Islamabad,21.5359993
1511661012,11/26/2017,6:50:12 AM,Street 14,Islamabad,21.69599915
1511661373,11/26/2017,6:56:13 AM,Street 14,Islamabad,21.37400055
1511661736,11/26/2017,7:02:16 AM,Street 14,Islamabad,21.59799957
1511662098,11/26/2017,7:08:18 AM,Street 14,Islamabad,21.47699928
1511662460,11/26/2017,7:14:20 AM,Street 14,Islamabad,21.6060009
1511662835,11/26/2017,7:20:35 AM,Street 14,Islamabad,21.54999924
1511663195,11/26/2017,7:26:35 AM,Street 14,Islamabad,21.46100044
1511663584,11/26/2017,7:33:04 AM,Street 14,Islamabad,21.62100029
1511663945,11/26/2017,7:39:05 AM,Street 14,Islamabad,21.46199989
1511664421,11/26/2017,7:47:01 AM,Street 14,Islamabad,21.65600014
1511664781,11/26/2017,7:53:01 AM,Street 14,Islamabad,21.6079998
1511665141,11/26/2017,7:59:01 AM,Street 14,Islamabad,21.70700073
1511665542,11/26/2017,8:05:42 AM,Street 14,Islamabad,21.64699936
1511665946,11/26/2017,8:12:26 AM,Street 14,Islamabad,21.68799973
1511666320,11/26/2017,8:18:40 AM,Street 14,Islamabad,21.70700073
1511666682,11/26/2017,8:24:42 AM,Street 14,Islamabad,21.7329998
1511667045,11/26/2017,8:30:45 AM,Street 14,Islamabad,21.66399956
1511667406,11/26/2017,8:36:46 AM,Street 14,Islamabad,21.65200043
1511667768,11/26/2017,8:42:48 AM,Street 14,Islamabad,21.65200043
1511668145,11/26/2017,8:49:05 AM,Street 14,Islamabad,21.45100021
1511668529,11/26/2017,8:55:29 AM,Street 14,Islamabad,21.60499954
1511668889,11/26/2017,9:01:29 AM,Street 14,Islamabad,21.68899918
1511669297,11/26/2017,9:08:17 AM,Street 14,Islamabad,21.5189991
1511669652,11/26/2017,9:14:12 AM,Street 14,Islamabad,21.46800041
1511670012,11/26/2017,9:20:12 AM,Street 14,Islamabad,21.1439991
1511670372,11/26/2017,9:26:12 AM,Street 14,Islamabad,21.68099976
1511670734,11/26/2017,9:32:14 AM,Street 14,Islamabad,21.76799965
1511671096,11/26/2017,9:38:16 AM,Street 14,Islamabad,21.6760006
1511671501,11/26/2017,9:45:01 AM,Street 14,Islamabad,21.65500069
1511671890,11/26/2017,9:51:30 AM,Street 14,Islamabad,21.66600037
1511672256,11/26/2017,9:57:36 AM,Street 14,Islamabad,21.72400093
1511672640,11/26/2017,10:04:00 AM,Street 14,Islamabad,21.49900055
1511673050,11/26/2017,10:10:50 AM,Street 14,Islamabad,21.50200081
1511673413,11/26/2017,10:16:53 AM,Street 14,Islamabad,21.52700043
1511673775,11/26/2017,10:22:55 AM,Street 14,Islamabad,21.36000061
1511674137,11/26/2017,10:28:57 AM,Street 14,Islamabad,21.4810009
1511674499,11/26/2017,10:34:59 AM,Street 14,Islamabad,21.68000031
1511674861,11/26/2017,10:41:01 AM,Street 14,Islamabad,21.5340004
1511675223,11/26/2017,10:47:03 AM,Street 14,Islamabad,21.46100044
1511675585,11/26/2017,10:53:05 AM,Street 14,Islamabad,21.54199982
1511675947,11/26/2017,10:59:07 AM,Street 14,Islamabad,21.41900063
1511676308,11/26/2017,11:05:08 AM,Street 14,Islamabad,21.74799919
1511676671,11/26/2017,11:11:11 AM,Street 14,Islamabad,21.54999924
1511677033,11/26/2017,11:17:13 AM,Street 14,Islamabad,21.64500046
1511677395,11/26/2017,11:23:15 AM,Street 14,Islamabad,21.57500076
1511677757,11/26/2017,11:29:17 AM,Street 14,Islamabad,21.66699982
1511678120,11/26/2017,11:35:20 AM,Street 14,Islamabad,21.76600075
1511678481,11/26/2017,11:41:21 AM,Street 14,Islamabad,21.58399963
1511678843,11/26/2017,11:47:23 AM,Street 14,Islamabad,21.63500023
1511679245,11/26/2017,11:54:05 AM,Street 14,Islamabad,21.48600006
1511679609,11/26/2017,12:00:09 PM,Street 14,Islamabad,21.75
1511679969,11/26/2017,12:06:09 PM,Street 14,Islamabad,21.8239994
1511680329,11/26/2017,12:12:09 PM,Street 14,Islamabad,21.79999924
1511680689,11/26/2017,12:18:09 PM,Street 14,Islamabad,21.80200005
1511681076,11/26/2017,12:24:36 PM,Street 14,Islamabad,21.76799965
1511681438,11/26/2017,12:30:38 PM,Street 14,Islamabad,21.68300056
1511681800,11/26/2017,12:36:40 PM,Street 14,Islamabad,21.70999908
1511681810,11/26/2017,12:36:50 PM,Street 14,Islamabad,21.66699982
1511681945,11/26/2017,12:39:05 PM,Street 14,Islamabad,21.25200081
1511682318,11/26/2017,12:45:18 PM,Street 14,Islamabad,21.73600006
1511682579,11/26/2017,12:49:39 PM,Street 14,Islamabad,21.85300064
1511682941,11/26/2017,12:55:41 PM,Street 14,Islamabad,21.71199989
1511683301,11/26/2017,1:01:41 PM,Street 14,Islamabad,21.61400032
1511683661,11/26/2017,1:07:41 PM,Street 14,Islamabad,21.84199905
1511684042,11/26/2017,1:14:02 PM,Street 14,Islamabad,21.71899986
1511684435,11/26/2017,1:20:35 PM,Street 14,Islamabad,21.68199921
1511684797,11/26/2017,1:26:37 PM,Street 14,Islamabad,21.76099968
1511685160,11/26/2017,1:32:40 PM,Street 14,Islamabad,21.8029995
1511685524,11/26/2017,1:38:44 PM,Street 14,Islamabad,21.8239994
1511685885,11/26/2017,1:44:45 PM,Street 14,Islamabad,21.8239994
1511686261,11/26/2017,1:51:01 PM,Street 14,Islamabad,21.57299995
1511686510,11/26/2017,1:55:10 PM,Street 14,Islamabad,21.60700035
1511686871,11/26/2017,2:01:11 PM,Street 14,Islamabad,21.82799911
1511687610,11/26/2017,2:13:30 PM,Street 14,Islamabad,21.14599991
1511687978,11/26/2017,2:19:38 PM,Street 14,Islamabad,21.60499954
1511688099,11/26/2017,2:21:39 PM,Street 14,Islamabad,21.54999924
1511688496,11/26/2017,2:28:16 PM,Street 14,Islamabad,21.44000053
1511688901,11/26/2017,2:35:01 PM,Street 14,Islamabad,21.57799911
1511689265,11/26/2017,2:41:05 PM,Street 14,Islamabad,21.42900085
1511689627,11/26/2017,2:47:07 PM,Street 14,Islamabad,20
1511689998,11/26/2017,2:53:18 PM,Street 14,Islamabad,21.41699982
1511690375,11/26/2017,2:59:35 PM,Street 14,Islamabad,21.78000069
1511690738,11/26/2017,3:05:38 PM,Street 14,Islamabad,21.29000092
1511691101,11/26/2017,3:11:41 PM,Street 14,Islamabad,21.64900017
1511691464,11/26/2017,3:17:44 PM,Street 14,Islamabad,21.57099915
1511691829,11/26/2017,3:23:49 PM,Street 14,Islamabad,21.34199905
1511692192,11/26/2017,3:29:52 PM,Street 14,Islamabad,21.57299995
1511692564,11/26/2017,3:36:04 PM,Street 14,Islamabad,21.29000092
1511692926,11/26/2017,3:42:06 PM,Street 14,Islamabad,21.45700073
1511693288,11/26/2017,3:48:08 PM,Street 14,Islamabad,22.5
1511693679,11/26/2017,3:54:39 PM,Street 14,Islamabad,21.54999924
1511694038,11/26/2017,4:00:38 PM,Street 14,Islamabad,21.50200081
1511694121,11/26/2017,4:02:01 PM,Street 14,Islamabad,21.49200058
1511694155,11/26/2017,4:02:35 PM,Street 14,Islamabad,122
1511694160,11/26/2017,4:02:40 PM,Street 14,Islamabad,65
1511694166,11/26/2017,4:02:46 PM,Street 14,Islamabad,46
1511694171,11/26/2017,4:02:51 PM,Street 14,Islamabad,33
1511694178,11/26/2017,4:02:58 PM,Street 14,Islamabad,31
1511694184,11/26/2017,4:03:04 PM,Street 14,Islamabad,31
1511694190,11/26/2017,4:03:10 PM,Street 14,Islamabad,32
1511694195,11/26/2017,4:03:15 PM,Street 14,Islamabad,29
1511694201,11/26/2017,4:03:21 PM,Street 14,Islamabad,32
1511694207,11/26/2017,4:03:27 PM,Street 14,Islamabad,31
1511694213,11/26/2017,4:03:33 PM,Street 14,Islamabad,29
1511694219,11/26/2017,4:03:39 PM,Street 14,Islamabad,31
1511694226,11/26/2017,4:03:46 PM,Street 14,Islamabad,29
1511694232,11/26/2017,4:03:52 PM,Street 14,Islamabad,27
1511694237,11/26/2017,4:03:57 PM,Street 14,Islamabad,25
1511694243,11/26/2017,4:04:03 PM,Street 14,Islamabad,27
1511694250,11/26/2017,4:04:10 PM,Street 14,Islamabad,27
1511694256,11/26/2017,4:04:16 PM,Street 14,Islamabad,26
1511694262,11/26/2017,4:04:22 PM,Street 14,Islamabad,25
1511694267,11/26/2017,4:04:27 PM,Street 14,Islamabad,23
1511694285,11/26/2017,4:04:45 PM,Street 14,Islamabad,20
1511694665,11/26/2017,4:11:05 PM,Street 14,Islamabad,20
1511695027,11/26/2017,4:17:07 PM,Street 14,Islamabad,21.07600021
1511695391,11/26/2017,4:23:11 PM,Street 14,Islamabad,21.36199951
1511695753,11/26/2017,4:29:13 PM,Street 14,Islamabad,20.61599922
1511696132,11/26/2017,4:35:32 PM,Street 14,Islamabad,21.81100082
1511696492,11/26/2017,4:41:32 PM,Street 14,Islamabad,22.77899933
1511705199,11/26/2017,7:06:39 PM,708,Islamabad,21.97500038
1511705320,11/26/2017,7:08:40 PM,708,Islamabad,22.01199913
1511705706,11/26/2017,7:15:06 PM,708,Islamabad,21.86199951
1511706106,11/26/2017,7:21:46 PM,708,Islamabad,21.74099922
1511706486,11/26/2017,7:28:06 PM,708,Islamabad,21.89100075
1511706879,11/26/2017,7:34:39 PM,708,Islamabad,22.00300026
1511707061,11/26/2017,7:37:41 PM,708,Islamabad,22.21199989
1511707202,11/26/2017,7:40:02 PM,708,Islamabad,22.13400078
1511707705,11/26/2017,7:48:25 PM,708,Islamabad,20
1511712875,11/26/2017,9:14:35 PM,Service Road North,Islamabad,1299.999023
1511713120,11/26/2017,9:18:40 PM,Service Road North,Islamabad,1299.999023
1511713393,11/26/2017,9:23:13 PM,Street 14,Islamabad,21.21800041
1511713755,11/26/2017,9:29:15 PM,Street 14,Islamabad,21.07099915
1511714116,11/26/2017,9:35:16 PM,Street 14,Islamabad,20.96299934
1511714197,11/26/2017,9:36:37 PM,Street 14,Islamabad,21.52000046
1511714237,11/26/2017,9:37:17 PM,Street 14,Islamabad,21.6779995
1511714416,11/26/2017,9:40:16 PM,Street 14,Islamabad,21.18199921
1511714536,11/26/2017,9:42:16 PM,Street 14,Islamabad,20
1511714659,11/26/2017,9:44:19 PM,Street 14,Islamabad,21.35199928
1511715032,11/26/2017,9:50:32 PM,Street 14,Islamabad,20
1511715283,11/26/2017,9:54:43 PM,Street 14,Islamabad,21.37999916
1511715421,11/26/2017,9:57:01 PM,Street 14,Islamabad,21.18799973
1511715740,11/26/2017,10:02:20 PM,Street 14,Islamabad,22.39599991
1511716006,11/26/2017,10:06:46 PM,Street 14,Islamabad,22.39599991
1511716026,11/26/2017,10:07:06 PM,Street 14,Islamabad,23.63100052
1511716068,11/26/2017,10:07:48 PM,Street 14,Islamabad,22.01499939
1511716444,11/26/2017,10:14:04 PM,Street 14,Islamabad,22.12000084
1511716805,11/26/2017,10:20:05 PM,Street 14,Islamabad,20
1511717104,11/26/2017,10:25:04 PM,Street 14,Islamabad,21.64500046
1511717105,11/26/2017,10:25:05 PM,Street 14,Islamabad,20
1511717125,11/26/2017,10:25:25 PM,Street 14,Islamabad,21.45299911
1511717245,11/26/2017,10:27:25 PM,Street 14,Islamabad,21.42200089
1511717609,11/26/2017,10:33:29 PM,Street 14,Islamabad,21.47900009
1511717976,11/26/2017,10:39:36 PM,Street 14,Islamabad,21.43199921
1511718343,11/26/2017,10:45:43 PM,Street 14,Islamabad,21.20299911
1511718709,11/26/2017,10:51:49 PM,Street 14,Islamabad,21.31999969
1511718830,11/26/2017,10:53:50 PM,Street 14,Islamabad,20
1511719123,11/26/2017,10:58:43 PM,Street 14,Islamabad,20.96199989
1511719656,11/26/2017,11:07:36 PM,Street 14,Islamabad,21.48500061
1511719861,11/26/2017,11:11:01 PM,Street 14,Islamabad,21.22999954
1511719998,11/26/2017,11:13:18 PM,Street 14,Islamabad,21.49300003
1511720116,11/26/2017,11:15:16 PM,Street 14,Islamabad,21.34700012
1511720331,11/26/2017,11:18:51 PM,Street 14,Islamabad,21.83799934
1511720521,11/26/2017,11:22:01 PM,Street 14,Islamabad,21.56100082
1511720671,11/26/2017,11:24:31 PM,Street 14,Islamabad,21.11599922
1511720933,11/26/2017,11:28:53 PM,Street 14,Islamabad,21.17399979
1511721080,11/26/2017,11:31:20 PM,Street 14,Islamabad,20.10000038
1511721356,11/26/2017,11:35:56 PM,Street 14,Islamabad,21.87400055
1511721685,11/26/2017,11:41:25 PM,Street 14,Islamabad,21.16500092
1511722061,11/26/2017,11:47:41 PM,Street 14,Islamabad,21.69799995
1511722179,11/26/2017,11:49:39 PM,Street 14,Islamabad,21.44199944
1511722539,11/26/2017,11:55:39 PM,Street 14,Islamabad,21.27899933
1511722899,11/27/2017,12:01:39 AM,Street 14,Islamabad,21.42399979
1511723277,11/27/2017,12:07:57 AM,Street 14,Islamabad,21.20700073
1511723641,11/27/2017,12:14:01 AM,Street 14,Islamabad,21.23500061
1511724028,11/27/2017,12:20:28 AM,Street 14,Islamabad,21.57299995
1511724420,11/27/2017,12:27:00 AM,Street 14,Islamabad,21.375
1511724789,11/27/2017,12:33:09 AM,Street 14,Islamabad,21.5720005
1511725263,11/27/2017,12:41:03 AM,Street 14,Islamabad,21.16900063
1511725493,11/27/2017,12:44:53 AM,Street 14,Islamabad,21.20899963
1511725860,11/27/2017,12:51:00 AM,Street 14,Islamabad,21.29000092
1511726266,11/27/2017,12:57:46 AM,Street 14,Islamabad,21.22999954
1511726652,11/27/2017,1:04:12 AM,Street 14,Islamabad,21.31699944
1511727012,11/27/2017,1:10:12 AM,Street 14,Islamabad,21.55500031
1511727161,11/27/2017,1:12:41 AM,Street 14,Islamabad,21.77199936
1511727183,11/27/2017,1:13:03 AM,Street 14,Islamabad,21.62599945
1511727319,11/27/2017,1:15:19 AM,Street 14,Islamabad,21.43799973
1511727677,11/27/2017,1:21:17 AM,Street 14,Islamabad,21.30800056
1511728048,11/27/2017,1:27:28 AM,Street 14,Islamabad,21.61899948
1511728201,11/27/2017,1:30:01 AM,Street 14,Islamabad,21.5170002
1511728567,11/27/2017,1:36:07 AM,Street 14,Islamabad,21.60000038
1511728928,11/27/2017,1:42:08 AM,Street 14,Islamabad,21.20199966
1511729131,11/27/2017,1:45:31 AM,Street 14,Islamabad,21.70999908
1511729490,11/27/2017,1:51:30 AM,Street 14,Islamabad,21.39500046
1511729850,11/27/2017,1:57:30 AM,Street 14,Islamabad,21.59300041
1511730113,11/27/2017,2:01:53 AM,Street 14,Islamabad,21.59900093
1511730247,11/27/2017,2:04:07 AM,Street 14,Islamabad,21.51399994
1511730608,11/27/2017,2:10:08 AM,Street 14,Islamabad,21.59700012
1511730799,11/27/2017,2:13:19 AM,Street 14,Islamabad,21.41399956
1511731201,11/27/2017,2:20:01 AM,Street 14,Islamabad,21.45199966
1511731600,11/27/2017,2:26:40 AM,Street 14,Islamabad,22.11700058
1511731963,11/27/2017,2:32:43 AM,Street 14,Islamabad,21.38199997
1511732326,11/27/2017,2:38:46 AM,Street 14,Islamabad,21.5
1511732690,11/27/2017,2:44:50 AM,Street 14,Islamabad,21.34900093
1511733052,11/27/2017,2:50:52 AM,Street 14,Islamabad,21.38899994
1511733414,11/27/2017,2:56:54 AM,Street 14,Islamabad,21.37899971
1511733775,11/27/2017,3:02:55 AM,Street 14,Islamabad,21.20700073
1511734139,11/27/2017,3:08:59 AM,Street 14,Islamabad,21.36899948
1511734501,11/27/2017,3:15:01 AM,Street 14,Islamabad,21.5170002
1511734864,11/27/2017,3:21:04 AM,Street 14,Islamabad,21.68400002
1511735226,11/27/2017,3:27:06 AM,Street 14,Islamabad,21.38400078
1511735589,11/27/2017,3:33:09 AM,Street 14,Islamabad,21.46999931
1511735950,11/27/2017,3:39:10 AM,Street 14,Islamabad,21.46800041
1511736311,11/27/2017,3:45:11 AM,Street 14,Islamabad,21.4659996
1511736674,11/27/2017,3:51:14 AM,Street 14,Islamabad,21.35499954
1511737036,11/27/2017,3:57:16 AM,Street 14,Islamabad,21.20199966
1511737440,11/27/2017,4:04:00 AM,Street 14,Islamabad,21.34399986
1511737807,11/27/2017,4:10:07 AM,Street 14,Islamabad,21.38699913
1511738185,11/27/2017,4:16:25 AM,Street 14,Islamabad,21.39800072
1511738581,11/27/2017,4:23:01 AM,Street 14,Islamabad,21.45199966
1511738962,11/27/2017,4:29:22 AM,Street 14,Islamabad,21.48200035
1511739323,11/27/2017,4:35:23 AM,Street 14,Islamabad,21.42499924
1511739713,11/27/2017,4:41:53 AM,Street 14,Islamabad,21.48900032
1511740102,11/27/2017,4:48:22 AM,Street 14,Islamabad,21.45999908
1511740483,11/27/2017,4:54:43 AM,Street 14,Islamabad,21.375
1511740845,11/27/2017,5:00:45 AM,Street 14,Islamabad,21.37700081
1511741206,11/27/2017,5:06:46 AM,Street 14,Islamabad,21.42200089
1511741571,11/27/2017,5:12:51 AM,Street 14,Islamabad,21.37700081
1511741933,11/27/2017,5:18:53 AM,Street 14,Islamabad,21.40099907
1511742295,11/27/2017,5:24:55 AM,Street 14,Islamabad,21.45499992
1511742661,11/27/2017,5:31:01 AM,Street 14,Islamabad,21.48200035
1511743039,11/27/2017,5:37:19 AM,Street 14,Islamabad,21.56299973
1511743399,11/27/2017,5:43:19 AM,Street 14,Islamabad,21.42900085
1511743761,11/27/2017,5:49:21 AM,Street 14,Islamabad,21.44799995
1511744123,11/27/2017,5:55:23 AM,Street 14,Islamabad,21.36899948
1511744487,11/27/2017,6:01:26 AM,Street 14,Islamabad,21.41500092
1511744848,11/27/2017,6:07:28 AM,Street 14,Islamabad,21.49399948
1511745232,11/27/2017,6:13:52 AM,Street 14,Islamabad,21.46800041
1511745603,11/27/2017,6:20:03 AM,Street 14,Islamabad,21.42200089
1511745964,11/27/2017,6:26:04 AM,Street 14,Islamabad,21.4489994
1511746324,11/27/2017,6:32:04 AM,Street 14,Islamabad,21.27099991
1511746685,11/27/2017,6:38:05 AM,Street 14,Islamabad,21.2140007
1511747083,11/27/2017,6:44:43 AM,Street 14,Islamabad,21.4829998
1511747478,11/27/2017,6:51:18 AM,Street 14,Islamabad,21.56999969
1511747839,11/27/2017,6:57:19 AM,Street 14,Islamabad,21.54199982
1511748240,11/27/2017,7:04:00 AM,Street 14,Islamabad,21.4829998
1511748600,11/27/2017,7:10:00 AM,Street 14,Islamabad,21.56100082
1511748837,11/27/2017,7:13:57 AM,Street 14,Islamabad,21.59900093
1511749203,11/27/2017,7:20:03 AM,Street 14,Islamabad,21.62400055
1511749602,11/27/2017,7:26:42 AM,Street 14,Islamabad,21.61100006
1511749989,11/27/2017,7:33:09 AM,Street 14,Islamabad,21.52899933
1511750350,11/27/2017,7:39:10 AM,Street 14,Islamabad,21.51099968
1511750735,11/27/2017,7:45:35 AM,Street 14,Islamabad,21.57799911
1511751097,11/27/2017,7:51:37 AM,Street 14,Islamabad,21.59199905
1511751458,11/27/2017,7:57:38 AM,Street 14,Islamabad,21.53199959
1511751841,11/27/2017,8:04:01 AM,Street 14,Islamabad,21.55999947
1511752425,11/27/2017,8:13:45 AM,Street 14,Islamabad,22.61599922
1511752800,11/27/2017,8:20:00 AM,Street 14,Islamabad,22.50699997
1511753176,11/27/2017,8:26:16 AM,Street 14,Islamabad,21.78899956
1511753448,11/27/2017,8:30:48 AM,Street 14,Islamabad,21.73600006
1511753809,11/27/2017,8:36:49 AM,Street 14,Islamabad,21.75300026
1511754169,11/27/2017,8:42:49 AM,Street 14,Islamabad,21.75900078
1511754541,11/27/2017,8:49:01 AM,Street 14,Islamabad,21.77000046
1511754902,11/27/2017,8:55:02 AM,Street 14,Islamabad,21.71500015
1511755263,11/27/2017,9:01:03 AM,Street 14,Islamabad,21.76000023
1511755623,11/27/2017,9:07:03 AM,Street 14,Islamabad,21.71100044
1511755993,11/27/2017,9:13:13 AM,Street 14,Islamabad,21.73500061
1511756393,11/27/2017,9:19:53 AM,Street 14,Islamabad,21.78100014
1511756754,11/27/2017,9:25:54 AM,Street 14,Islamabad,21.71299934
1511757135,11/27/2017,9:32:15 AM,Street 14,Islamabad,21.69300079
1511757498,11/27/2017,9:38:18 AM,Street 14,Islamabad,21.69199944
1511757895,11/27/2017,9:44:55 AM,Street 14,Islamabad,21.27599907
1511758259,11/27/2017,9:50:59 AM,Street 14,Islamabad,21.75699997
1511758621,11/27/2017,9:57:01 AM,Street 14,Islamabad,21.45199966
1511758984,11/27/2017,10:03:04 AM,Street 14,Islamabad,21.57299995
1511759348,11/27/2017,10:09:08 AM,Street 14,Islamabad,21.63199997
1511759710,11/27/2017,10:15:10 AM,Street 14,Islamabad,21.57099915
1511760072,11/27/2017,10:21:12 AM,Street 14,Islamabad,21.62800026
1511760434,11/27/2017,10:27:14 AM,Street 14,Islamabad,21.66900063
1511760838,11/27/2017,10:33:58 AM,Street 14,Islamabad,21.73200035
1511761208,11/27/2017,10:40:08 AM,Street 14,Islamabad,21.61899948
1511761596,11/27/2017,10:46:36 AM,Street 14,Islamabad,21.81500053
1511761987,11/27/2017,10:53:07 AM,Street 14,Islamabad,21.58799934
1511762369,11/27/2017,10:59:29 AM,Street 14,Islamabad,21.70400047
1511762742,11/27/2017,11:05:42 AM,Street 14,Islamabad,21.24099922
1511763139,11/27/2017,11:12:19 AM,Street 14,Islamabad,21.67499924
1511763504,11/27/2017,11:18:24 AM,Street 14,Islamabad,21.83799934
1511763902,11/27/2017,11:25:02 AM,Street 14,Islamabad,21.6609993
1511764263,11/27/2017,11:31:03 AM,Street 14,Islamabad,21.50399971
1511764645,11/27/2017,11:37:25 AM,Street 14,Islamabad,21.62000084
1511765007,11/27/2017,11:43:27 AM,Street 14,Islamabad,21.38899994
1511765370,11/27/2017,11:49:30 AM,Street 14,Islamabad,21.63599968
1511765733,11/27/2017,11:55:33 AM,Street 14,Islamabad,21.7140007
1511766097,11/27/2017,12:01:37 PM,Street 14,Islamabad,21.53899956
1511766460,11/27/2017,12:07:40 PM,Street 14,Islamabad,21.64800072
1511766831,11/27/2017,12:13:51 PM,Street 14,Islamabad,21.75499916
1511767200,11/27/2017,12:20:00 PM,Street 14,Islamabad,21.37899971
1511767561,11/27/2017,12:26:01 PM,Street 14,Islamabad,21.59600067
1511767940,11/27/2017,12:32:20 PM,Street 14,Islamabad,21.6420002
1511768341,11/27/2017,12:39:01 PM,Street 14,Islamabad,21.67099953
1511768721,11/27/2017,12:45:21 PM,Street 14,Islamabad,21.38299942
1511768932,11/27/2017,12:48:52 PM,Street 14,Islamabad,21.70299911
1511769304,11/27/2017,12:55:04 PM,Street 14,Islamabad,21.62199974
1511769664,11/27/2017,1:01:04 PM,Street 14,Islamabad,21.6779995
1511770029,11/27/2017,1:07:09 PM,Street 14,Islamabad,21.53000069
1511770432,11/27/2017,1:13:52 PM,Street 14,Islamabad,21.41799927
1511770806,11/27/2017,1:20:06 PM,Street 14,Islamabad,21.53000069
1511770942,11/27/2017,1:22:22 PM,Street 14,Islamabad,21.3220005
1511771331,11/27/2017,1:28:51 PM,Street 14,Islamabad,21.24799919
1511771707,11/27/2017,1:35:07 PM,Street 14,Islamabad,21.17399979
1511771844,11/27/2017,1:37:24 PM,Street 14,Islamabad,21.38599968
1511772268,11/27/2017,1:44:28 PM,Street 14,Islamabad,21.12100029
1511772643,11/27/2017,1:50:43 PM,Street 14,Islamabad,21.14699936
1511773012,11/27/2017,1:56:52 PM,Street 14,Islamabad,21.34600067
1511773389,11/27/2017,2:03:09 PM,Street 14,Islamabad,21.13699913
1511773749,11/27/2017,2:09:09 PM,Street 14,Islamabad,21.13500023
1511774110,11/27/2017,2:15:10 PM,Street 14,Islamabad,21.18099976
1511774470,11/27/2017,2:21:10 PM,Street 14,Islamabad,21.53700066
1511774859,11/27/2017,2:27:39 PM,Street 14,Islamabad,21.54700089
1511775241,11/27/2017,2:34:01 PM,Street 14,Islamabad,21.43400002
1511775611,11/27/2017,2:40:11 PM,Street 14,Islamabad,21.39299965
1511775854,11/27/2017,2:44:14 PM,Street 14,Islamabad,21.6420002
1511776318,11/27/2017,2:51:58 PM,Street 14,Islamabad,21.28300095
1511776593,11/27/2017,2:56:33 PM,Street 14,Islamabad,21.48600006
1511776955,11/27/2017,3:02:35 PM,Street 14,Islamabad,21.40699959
1511777342,11/27/2017,3:09:01 PM,Street 14,Islamabad,21.57699966
1511777717,11/27/2017,3:15:17 PM,Street 14,Islamabad,21.37199974
1511778100,11/27/2017,3:21:40 PM,Street 14,Islamabad,21.67700005
1511778461,11/27/2017,3:27:41 PM,Street 14,Islamabad,21.11800003
1511778854,11/27/2017,3:34:14 PM,Street 14,Islamabad,20
1511779023,11/27/2017,3:37:03 PM,Street 14,Islamabad,21.0909996
1511779206,11/27/2017,3:40:06 PM,Street 14,Islamabad,21.24500084
1511779398,11/27/2017,3:43:18 PM,Street 14,Islamabad,21.6060009
1511779639,11/27/2017,3:47:19 PM,Street 14,Islamabad,21.49900055
1511780007,11/27/2017,3:53:27 PM,Street 14,Islamabad,21.29100037
1511780242,11/27/2017,3:57:22 PM,Street 14,Islamabad,21.12100029
1511780641,11/27/2017,4:04:01 PM,Street 14,Islamabad,21.12000084
1511780852,11/27/2017,4:07:32 PM,Street 14,Islamabad,21.29700089
1511781211,11/27/2017,4:13:31 PM,Street 14,Islamabad,21.47400093
1511781541,11/27/2017,4:19:01 PM,Street 14,Islamabad,21.55699921
1511781689,11/27/2017,4:21:29 PM,Street 14,Islamabad,20.96800041
1511782000,11/27/2017,4:26:40 PM,Street 14,Islamabad,21.57500076
1511782333,11/27/2017,4:32:13 PM,Street 14,Islamabad,21.29999924
1511782698,11/27/2017,4:38:18 PM,Street 14,Islamabad,21.30400085
1511782854,11/27/2017,4:40:54 PM,Street 14,Islamabad,21.61300087
1511783214,11/27/2017,4:46:54 PM,Street 14,Islamabad,21.38500023
1511783417,11/27/2017,4:50:17 PM,Street 14,Islamabad,21.23800087
1511783643,11/27/2017,4:54:03 PM,Street 14,Islamabad,21.47100067
1511783881,11/27/2017,4:58:01 PM,Street 14,Islamabad,21.6760006
1511784250,11/27/2017,5:04:10 PM,Street 14,Islamabad,21.41200066
1511784626,11/27/2017,5:10:26 PM,Street 14,Islamabad,21.41600037
1511784986,11/27/2017,5:16:26 PM,Street 14,Islamabad,21.17200089
1511785189,11/27/2017,5:19:49 PM,Street 14,Islamabad,21.36000061
1511785587,11/27/2017,5:26:27 PM,Street 14,Islamabad,20
1511785989,11/27/2017,5:33:09 PM,Street 14,Islamabad,20
1511786160,11/27/2017,5:36:00 PM,Street 14,Islamabad,21.56299973
1511786537,11/27/2017,5:42:17 PM,Street 14,Islamabad,21.03800011
1511786900,11/27/2017,5:48:20 PM,Street 14,Islamabad,21.54500008
1511787067,11/27/2017,5:51:07 PM,Street 14,Islamabad,21.52000046
1511787451,11/27/2017,5:57:31 PM,Street 14,Islamabad,21.53300095
1511787812,11/27/2017,6:03:32 PM,Street 14,Islamabad,21.6970005
1511787966,11/27/2017,6:06:06 PM,Street 14,Islamabad,21.00900078
1511788326,11/27/2017,6:12:06 PM,Street 14,Islamabad,21.09300041
1511788686,11/27/2017,6:18:06 PM,Street 14,Islamabad,20.91399956
1511789046,11/27/2017,6:24:06 PM,Street 14,Islamabad,21.0359993
1511789406,11/27/2017,6:30:06 PM,Street 14,Islamabad,21.08499908
1511789802,11/27/2017,6:36:42 PM,Street 14,Islamabad,20.98399925
1511790181,11/27/2017,6:43:01 PM,Street 14,Islamabad,20
1511790568,11/27/2017,6:49:28 PM,Street 14,Islamabad,21.00699997
1511790928,11/27/2017,6:55:28 PM,Street 14,Islamabad,20
1511791303,11/27/2017,7:01:43 PM,Street 14,Islamabad,21.02899933
1511791677,11/27/2017,7:07:57 PM,Street 14,Islamabad,20
1511792045,11/27/2017,7:14:05 PM,Street 14,Islamabad,21.37700081
1511792419,11/27/2017,7:20:19 PM,Street 14,Islamabad,21.0739994
1511793289,11/27/2017,7:34:49 PM,708,Islamabad,22.09499931
1511793554,11/27/2017,7:39:14 PM,708,Islamabad,22.18899918
1511793690,11/27/2017,7:41:30 PM,708,Islamabad,23.0890007
1511793690,11/27/2017,7:41:30 PM,708,Islamabad,22.39100075
1511793718,11/27/2017,7:41:58 PM,708,Islamabad,21.88199997
1511793972,11/27/2017,7:46:12 PM,708,Islamabad,21.71100044
1511795071,11/27/2017,8:04:31 PM,Street 14,Islamabad,21.68499947
1511795106,11/27/2017,8:05:06 PM,Street 14,Islamabad,21.57699966
1511795355,11/27/2017,8:09:15 PM,Street 14,Islamabad,21.26600075
1511795715,11/27/2017,8:15:15 PM,Street 14,Islamabad,20
1511796067,11/27/2017,8:21:07 PM,Street 14,Islamabad,21.65800095
1511796186,11/27/2017,8:23:06 PM,Street 14,Islamabad,21.0720005
1511796590,11/27/2017,8:29:50 PM,Street 14,Islamabad,20
1511796911,11/27/2017,8:35:11 PM,Street 14,Islamabad,21.54100037
1511796932,11/27/2017,8:35:32 PM,Street 14,Islamabad,21.45299911
1511797321,11/27/2017,8:42:00 PM,Street 14,Islamabad,21.54000092
1511797694,11/27/2017,8:48:14 PM,Street 14,Islamabad,20
1511798056,11/27/2017,8:54:16 PM,Street 14,Islamabad,21.38599968
1511798418,11/27/2017,9:00:18 PM,Street 14,Islamabad,21.4810009
1511798821,11/27/2017,9:07:01 PM,Street 14,Islamabad,21.44799995
1511799181,11/27/2017,9:13:01 PM,Street 14,Islamabad,21.46800041
1511799541,11/27/2017,9:19:01 PM,Street 14,Islamabad,21.6609993
1511799902,11/27/2017,9:25:02 PM,Street 14,Islamabad,21.68300056
1511800296,11/27/2017,9:31:36 PM,Street 14,Islamabad,21.4489994
1511800656,11/27/2017,9:37:36 PM,Street 14,Islamabad,21.5359993
1511801016,11/27/2017,9:43:36 PM,Street 14,Islamabad,21.70700073
1511801376,11/27/2017,9:49:36 PM,Street 14,Islamabad,21.33399963
1511801761,11/27/2017,9:56:01 PM,Street 14,Islamabad,21.64500046
1511802121,11/27/2017,10:02:01 PM,Street 14,Islamabad,21.54599953
1511802481,11/27/2017,10:08:01 PM,Street 14,Islamabad,21.84700012
1511802841,11/27/2017,10:14:01 PM,Street 14,Islamabad,21.16300011
1511803202,11/27/2017,10:20:02 PM,Street 14,Islamabad,21.57600021
1511803681,11/27/2017,10:28:01 PM,Street 14,Islamabad,21.4829998
1511804049,11/27/2017,10:34:09 PM,Street 14,Islamabad,21.23200035
1511804209,11/27/2017,10:36:49 PM,Street 14,Islamabad,21.1970005
1511804521,11/27/2017,10:42:01 PM,Street 14,Islamabad,21.21699905
1511804881,11/27/2017,10:48:01 PM,Street 14,Islamabad,21.56900024
1511805241,11/27/2017,10:54:01 PM,Street 14,Islamabad,21.31100082
1511805481,11/27/2017,10:58:01 PM,Street 14,Islamabad,21.19499969
1511805690,11/27/2017,11:01:30 PM,Street 14,Islamabad,20
1511805996,11/27/2017,11:06:36 PM,Street 14,Islamabad,21.58799934
1511806357,11/27/2017,11:12:37 PM,Street 14,Islamabad,21.63299942
1511806719,11/27/2017,11:18:39 PM,Street 14,Islamabad,21.58300018
1511807101,11/27/2017,11:25:01 PM,Street 14,Islamabad,21.76300049
1511807371,11/27/2017,11:29:31 PM,Street 14,Islamabad,21.22299957
1511807491,11/27/2017,11:31:31 PM,Street 14,Islamabad,21.62199974
1511807852,11/27/2017,11:37:32 PM,Street 14,Islamabad,21.58499908
1511808230,11/27/2017,11:43:50 PM,Street 14,Islamabad,21.75
1511808631,11/27/2017,11:50:31 PM,Street 14,Islamabad,21.65699959
1511808995,11/27/2017,11:56:35 PM,Street 14,Islamabad,21.125
1511809391,11/28/2017,12:03:11 AM,Street 14,Islamabad,21.49399948
1511809819,11/28/2017,12:10:19 AM,Street 14,Islamabad,21.72100067
1511810181,11/28/2017,12:16:21 AM,Street 14,Islamabad,21.77300072
1511810547,11/28/2017,12:22:27 AM,Street 14,Islamabad,21.73800087
1511810910,11/28/2017,12:28:30 AM,Street 14,Islamabad,21.70299911
1511811030,11/28/2017,12:30:30 AM,Street 14,Islamabad,21.70199966
1511811260,11/28/2017,12:34:20 AM,Street 14,Islamabad,21.6420002
1511811426,11/28/2017,12:37:06 AM,Street 14,Islamabad,21.55500031
1511811841,11/28/2017,12:44:01 AM,Street 14,Islamabad,21.62999916
1511812234,11/28/2017,12:50:34 AM,Street 14,Islamabad,21.16699982
1511812636,11/28/2017,12:57:16 AM,Street 14,Islamabad,21.52400017
1511812756,11/28/2017,12:59:16 AM,Street 14,Islamabad,22.78899956
1511813224,11/28/2017,1:07:04 AM,Street 14,Islamabad,21.66799927
1511813584,11/28/2017,1:13:04 AM,Street 14,Islamabad,21.3560009
1511813960,11/28/2017,1:19:20 AM,Street 14,Islamabad,21.63599968
1511814229,11/28/2017,1:23:49 AM,Street 14,Islamabad,21.6079998
1511814607,11/28/2017,1:30:07 AM,Street 14,Islamabad,21.5340004
1511814840,11/28/2017,1:34:00 AM,Street 14,Islamabad,21.28199959
1511815021,11/28/2017,1:37:01 AM,Street 14,Islamabad,21.3220005
1511815271,11/28/2017,1:41:11 AM,Street 14,Islamabad,21.34300041
1511815393,11/28/2017,1:43:13 AM,Street 14,Islamabad,21.56399918
1511815622,11/28/2017,1:47:02 AM,Street 14,Islamabad,21.74300003
1511815802,11/28/2017,1:50:02 AM,Street 14,Islamabad,21.83300018
1511816186,11/28/2017,1:56:26 AM,Street 14,Islamabad,21.49900055
1511816546,11/28/2017,2:02:26 AM,Street 14,Islamabad,21.42499924
1511816779,11/28/2017,2:06:19 AM,Street 14,Islamabad,21.66399956
1511816820,11/28/2017,2:07:00 AM,Street 14,Islamabad,21.71800041
1511817202,11/28/2017,2:13:22 AM,Street 14,Islamabad,21.62199974
1511817600,11/28/2017,2:20:00 AM,Street 14,Islamabad,21.79100037
1511817984,11/28/2017,2:26:24 AM,Street 14,Islamabad,21.74399948
1511818391,11/28/2017,2:33:11 AM,Street 14,Islamabad,21.49399948
1511818774,11/28/2017,2:39:34 AM,Street 14,Islamabad,21.6609993
1511819137,11/28/2017,2:45:37 AM,Street 14,Islamabad,21.48999977
1511819499,11/28/2017,2:51:39 AM,Street 14,Islamabad,21.65299988
1511819917,11/28/2017,2:58:37 AM,Street 14,Islamabad,21.52099991
1511820301,11/28/2017,3:05:01 AM,Street 14,Islamabad,21.6760006
1511820679,11/28/2017,3:11:19 AM,Street 14,Islamabad,21.72400093
1511821050,11/28/2017,3:17:30 AM,Street 14,Islamabad,21.68300056
1511821411,11/28/2017,3:23:31 AM,Street 14,Islamabad,21.72900009
1511821815,11/28/2017,3:30:15 AM,Street 14,Islamabad,21.60499954
1511822217,11/28/2017,3:36:57 AM,Street 14,Islamabad,21.77400017
1511822578,11/28/2017,3:42:58 AM,Street 14,Islamabad,21.6760006
1511822940,11/28/2017,3:49:00 AM,Street 14,Islamabad,21.70499992
1511823302,11/28/2017,3:55:02 AM,Street 14,Islamabad,21.60199928
1511823666,11/28/2017,4:01:06 AM,Street 14,Islamabad,21.67399979
1511824028,11/28/2017,4:07:08 AM,Street 14,Islamabad,21.45800018
1511824390,11/28/2017,4:13:10 AM,Street 14,Islamabad,21.7159996
1511824752,11/28/2017,4:19:12 AM,Street 14,Islamabad,21.65200043
1511825113,11/28/2017,4:25:13 AM,Street 14,Islamabad,21.47100067
1511825475,11/28/2017,4:31:15 AM,Street 14,Islamabad,21.45000076
1511825837,11/28/2017,4:37:17 AM,Street 14,Islamabad,21.52300072
1511826199,11/28/2017,4:43:19 AM,Street 14,Islamabad,21.40500069
1511826561,11/28/2017,4:49:21 AM,Street 14,Islamabad,21.60400009
1511826921,11/28/2017,4:55:21 AM,Street 14,Islamabad,21.65399933
1511827321,11/28/2017,5:02:01 AM,Street 14,Islamabad,21.65399933
1511827682,11/28/2017,5:08:02 AM,Street 14,Islamabad,21.4109993
1511828042,11/28/2017,5:14:02 AM,Street 14,Islamabad,21.44000053
1511828422,11/28/2017,5:20:22 AM,Street 14,Islamabad,21.42000008
1511828783,11/28/2017,5:26:23 AM,Street 14,Islamabad,21.54700089
1511829193,11/28/2017,5:33:13 AM,Street 14,Islamabad,21.74500084
1511829568,11/28/2017,5:39:28 AM,Street 14,Islamabad,21.71800041
1511829931,11/28/2017,5:45:31 AM,Street 14,Islamabad,21.57099915
1511830294,11/28/2017,5:51:34 AM,Street 14,Islamabad,21.55400085
1511830656,11/28/2017,5:57:36 AM,Street 14,Islamabad,21.38299942
1511831029,11/28/2017,6:03:49 AM,Street 14,Islamabad,21.68400002
1511831401,11/28/2017,6:10:01 AM,Street 14,Islamabad,21.53700066
1511831768,11/28/2017,6:16:08 AM,Street 14,Islamabad,21.40500069
1511832130,11/28/2017,6:22:10 AM,Street 14,Islamabad,21.58399963
1511832529,11/28/2017,6:28:49 AM,Street 14,Islamabad,21.41699982
1511832916,11/28/2017,6:35:16 AM,Street 14,Islamabad,21.17300034
1511833277,11/28/2017,6:41:17 AM,Street 14,Islamabad,21.56800079
1511833637,11/28/2017,6:47:17 AM,Street 14,Islamabad,21.38800049
1511833998,11/28/2017,6:53:18 AM,Street 14,Islamabad,21.64599991
1511834380,11/28/2017,6:59:40 AM,Street 14,Islamabad,21.43600082
1511834538,11/28/2017,7:02:18 AM,Street 14,Islamabad,21.72100067
1511834941,11/28/2017,7:09:01 AM,Street 14,Islamabad,21.45499992
1511835302,11/28/2017,7:15:02 AM,Street 14,Islamabad,21.49600029
1511835446,11/28/2017,7:17:26 AM,Street 14,Islamabad,21.32500076
1511835841,11/28/2017,7:24:01 AM,Street 14,Islamabad,21.57600021
1511836201,11/28/2017,7:30:01 AM,Street 14,Islamabad,21.55400085
1511836563,11/28/2017,7:36:03 AM,Street 14,Islamabad,21.5739994
1511836923,11/28/2017,7:42:03 AM,Street 14,Islamabad,21.54599953
1511837283,11/28/2017,7:48:03 AM,Street 14,Islamabad,21.54999924
1511837643,11/28/2017,7:54:03 AM,Street 14,Islamabad,21.50699997
1511838039,11/28/2017,8:00:39 AM,Street 14,Islamabad,21.67099953
1511838421,11/28/2017,8:07:01 AM,Street 14,Islamabad,21.59199905
1511838496,11/28/2017,8:08:16 AM,Street 14,Islamabad,21.56200027
1511838900,11/28/2017,8:15:00 AM,Street 14,Islamabad,21.55699921
1511839262,11/28/2017,8:21:02 AM,Street 14,Islamabad,21.56299973
1511839622,11/28/2017,8:27:02 AM,Street 14,Islamabad,21.60300064
1511839991,11/28/2017,8:33:11 AM,Street 14,Islamabad,21.71699905
1511840378,11/28/2017,8:39:38 AM,Street 14,Islamabad,21.63599968
1511840760,11/28/2017,8:46:00 AM,Street 14,Islamabad,21.45100021
1511841166,11/28/2017,8:52:46 AM,Street 14,Islamabad,21.51499939
1511841529,11/28/2017,8:58:49 AM,Street 14,Islamabad,21.44799995
1511841893,11/28/2017,9:04:53 AM,Street 14,Islamabad,21.59399986
1511842059,11/28/2017,9:07:39 AM,Street 14,Islamabad,21.44400024
1511842430,11/28/2017,9:13:50 AM,Street 14,Islamabad,21.67200089
1511842800,11/28/2017,9:20:00 AM,Street 14,Islamabad,21.60099983
1511843163,11/28/2017,9:26:03 AM,Street 14,Islamabad,21.60199928
1511843523,11/28/2017,9:32:03 AM,Street 14,Islamabad,21.47299957
1511843884,11/28/2017,9:38:04 AM,Street 14,Islamabad,21.61700058
1511844244,11/28/2017,9:44:04 AM,Street 14,Islamabad,21.75699997
1511844604,11/28/2017,9:50:04 AM,Street 14,Islamabad,21.56599998
1511844965,11/28/2017,9:56:05 AM,Street 14,Islamabad,21.64999962
1511845129,11/28/2017,9:58:49 AM,Street 14,Islamabad,21.79800034
1511845539,11/28/2017,10:05:39 AM,Street 14,Islamabad,21.69099998
1511845921,11/28/2017,10:12:01 AM,Street 14,Islamabad,21.58200073
1511846308,11/28/2017,10:18:28 AM,Street 14,Islamabad,21.65299988
1511846671,11/28/2017,10:24:31 AM,Street 14,Islamabad,21.65500069
1511847029,11/28/2017,10:30:29 AM,Street 14,Islamabad,21.87700081
1511847789,11/28/2017,10:43:09 AM,Street 14,Islamabad,22.00099945
1511848154,11/28/2017,10:49:14 AM,Street 14,Islamabad,21.74500084
1511848512,11/28/2017,10:55:12 AM,Street 14,Islamabad,21.32699966
1511848890,11/28/2017,11:01:30 AM,Street 14,Islamabad,21.34799957
1511849251,11/28/2017,11:07:31 AM,Street 14,Islamabad,21.73900032
1511849388,11/28/2017,11:09:48 AM,Street 14,Islamabad,21.73399925
1511867440,11/28/2017,4:10:40 PM,708,Islamabad,22.25499916
1511867466,11/28/2017,4:11:06 PM,708,Islamabad,22.27499962
1511867486,11/28/2017,4:11:26 PM,708,Islamabad,22.28700066
1511867606,11/28/2017,4:13:26 PM,708,Islamabad,22.16799927
1511867702,11/28/2017,4:15:02 PM,708,Islamabad,22.35199928
1511868082,11/28/2017,4:21:22 PM,708,Islamabad,22.07500076
1511868444,11/28/2017,4:27:24 PM,708,Islamabad,22.19799995
1511868803,11/28/2017,4:33:23 PM,708,Islamabad,22.02700043
1511869056,11/28/2017,4:37:36 PM,708,Islamabad,21.8239994
1511869319,11/28/2017,4:41:59 PM,708,Islamabad,22.16300011
1511869584,11/28/2017,4:46:24 PM,708,Islamabad,22.1760006
1511869878,11/28/2017,4:51:18 PM,708,Islamabad,22.45899963
1511870228,11/28/2017,4:57:08 PM,708,Islamabad,21.93700027
1511870605,11/28/2017,5:03:25 PM,708,Islamabad,21.59199905
1511870763,11/28/2017,5:06:03 PM,708,Islamabad,22.25399971
1511870903,11/28/2017,5:08:23 PM,708,Islamabad,22.18600082
1511871269,11/28/2017,5:14:29 PM,708,Islamabad,21.67700005
1511871627,11/28/2017,5:20:27 PM,708,Islamabad,21.72500038
1511871993,11/28/2017,5:26:33 PM,708,Islamabad,21.86700058
1511872364,11/28/2017,5:32:44 PM,708,Islamabad,22.02400017
1511872741,11/28/2017,5:39:01 PM,708,Islamabad,22.26300049
1511873101,11/28/2017,5:45:01 PM,708,Islamabad,22.36700058
1511873232,11/28/2017,5:47:12 PM,708,Islamabad,22.12100029
1511873353,11/28/2017,5:49:13 PM,708,Islamabad,22.31500053
1511873713,11/28/2017,5:55:13 PM,708,Islamabad,22.20800018
1511874163,11/28/2017,6:02:43 PM,708,Islamabad,22.0359993
1511874528,11/28/2017,6:08:48 PM,708,Islamabad,22.41200066
1511875275,11/28/2017,6:21:15 PM,708,Islamabad,21.9109993
1511875636,11/28/2017,6:27:16 PM,708,Islamabad,22.125
1511875997,11/28/2017,6:33:17 PM,708,Islamabad,22.04800034
1511876288,11/28/2017,6:38:08 PM,708,Islamabad,22.18199921
1511876600,11/28/2017,6:43:20 PM,708,Islamabad,21.55900002
1511876960,11/28/2017,6:49:20 PM,708,Islamabad,22.26799965
1511877331,11/28/2017,6:55:31 PM,708,Islamabad,22.03700066
1511877704,11/28/2017,7:01:44 PM,708,Islamabad,22.03800011
1511878064,11/28/2017,7:07:44 PM,708,Islamabad,22.20000076
1511878426,11/28/2017,7:13:46 PM,708,Islamabad,22.18000031
1511878801,11/28/2017,7:20:01 PM,708,Islamabad,22.08300018
1511879162,11/28/2017,7:26:02 PM,708,Islamabad,22.11599922
1511879302,11/28/2017,7:28:22 PM,708,Islamabad,22.13599968
1511879664,11/28/2017,7:34:24 PM,708,Islamabad,22.07799911
1511880025,11/28/2017,7:40:25 PM,708,Islamabad,22.29299927
1511880385,11/28/2017,7:46:25 PM,708,Islamabad,21.93600082
1511880747,11/28/2017,7:52:27 PM,708,Islamabad,22.27099991
1511881128,11/28/2017,7:58:48 PM,708,Islamabad,22.32600021
1511881263,11/28/2017,8:01:03 PM,708,Islamabad,22.19000053
1511881515,11/28/2017,8:05:15 PM,708,Islamabad,22.75200081
1511881875,11/28/2017,8:11:15 PM,708,Islamabad,22.15399933
1511882242,11/28/2017,8:17:22 PM,708,Islamabad,22.17499924
1511882465,11/28/2017,8:21:05 PM,708,Islamabad,22.43099976
1511882748,11/28/2017,8:25:48 PM,708,Islamabad,21.95800018
1511882881,11/28/2017,8:28:01 PM,708,Islamabad,21.88400078
1511883334,11/28/2017,8:35:34 PM,708,Islamabad,22.19799995
1511884000,11/28/2017,8:46:40 PM,708,Islamabad,22.05800056
1511884381,11/28/2017,8:53:01 PM,708,Islamabad,22.04199982
1511884742,11/28/2017,8:59:02 PM,708,Islamabad,22.16200066
1511885107,11/28/2017,9:05:07 PM,708,Islamabad,22.19599915
1511885481,11/28/2017,9:11:21 PM,708,Islamabad,21.88699913
1511885616,11/28/2017,9:13:36 PM,708,Islamabad,22.00900078
1511885656,11/28/2017,9:14:16 PM,708,Islamabad,22.27599907
1511885676,11/28/2017,9:14:36 PM,708,Islamabad,21.72800064
1511885821,11/28/2017,9:17:01 PM,708,Islamabad,22.33699989
1511886188,11/28/2017,9:23:08 PM,708,Islamabad,22.11300087
1511886308,11/28/2017,9:25:08 PM,708,Islamabad,22.22100067
1511886597,11/28/2017,9:29:57 PM,708,Islamabad,22.07099915
1511886961,11/28/2017,9:36:01 PM,708,Islamabad,22.04500008
1511887341,11/28/2017,9:42:21 PM,708,Islamabad,22.09499931
1511887801,11/28/2017,9:50:01 PM,708,Islamabad,22.02000046
1511888006,11/28/2017,9:53:26 PM,708,Islamabad,22.10499954
1511888293,11/28/2017,9:58:13 PM,708,Islamabad,22.05900002
1511888429,11/28/2017,10:00:29 PM,708,Islamabad,32.09999847
1511888859,11/28/2017,10:07:39 PM,708,Islamabad,22.16600037
1511889241,11/28/2017,10:14:01 PM,708,Islamabad,21.84499931
1511889306,11/28/2017,10:15:06 PM,708,Islamabad,22.09799957
1511889765,11/28/2017,10:22:45 PM,708,Islamabad,22.27700043
1511890062,11/28/2017,10:27:42 PM,708,Islamabad,22.33399963
1511890431,11/28/2017,10:33:51 PM,708,Islamabad,22.22599983
1511890807,11/28/2017,10:40:07 PM,708,Islamabad,22.03700066
1511891074,11/28/2017,10:44:34 PM,708,Islamabad,22.36199951
1511891461,11/28/2017,10:51:01 PM,708,Islamabad,21.64699936
1511891841,11/28/2017,10:57:21 PM,708,Islamabad,21.96500015
1511892212,11/28/2017,11:03:32 PM,708,Islamabad,22.01199913
1511892410,11/28/2017,11:06:50 PM,708,Islamabad,21.92700005
1511892434,11/28/2017,11:07:14 PM,708,Islamabad,22.00600052
1511892454,11/28/2017,11:07:34 PM,708,Islamabad,22.18899918
1511893477,11/28/2017,11:24:37 PM,Service Road North,Islamabad,1299.999023
1511893752,11/28/2017,11:29:12 PM,Street 14,Islamabad,21.81900024
1511894024,11/28/2017,11:33:44 PM,Street 14,Islamabad,21.72500038
1511894389,11/28/2017,11:39:49 PM,Street 14,Islamabad,21.55900002
1511894648,11/28/2017,11:44:08 PM,Street 14,Islamabad,21.89500046
1511894713,11/28/2017,11:45:13 PM,Street 14,Islamabad,21.77599907
1511894975,11/28/2017,11:49:35 PM,Street 14,Islamabad,22.92700005
1511895344,11/28/2017,11:55:44 PM,Street 14,Islamabad,21.60199928
1511895708,11/29/2017,12:01:48 AM,Street 14,Islamabad,21.77099991
1511895879,11/29/2017,12:04:39 AM,Street 14,Islamabad,21.50699997
1511896142,11/29/2017,12:09:02 AM,Street 14,Islamabad,21.65299988
1511896502,11/29/2017,12:15:02 AM,Street 14,Islamabad,21.44099998
1511896887,11/29/2017,12:21:27 AM,Street 14,Islamabad,21.61199951
1511896937,11/29/2017,12:22:17 AM,Street 14,Islamabad,21.81599998
1511896948,11/29/2017,12:22:28 AM,Street 14,Islamabad,21.76499939
1511896968,11/29/2017,12:22:48 AM,Street 14,Islamabad,21.81699944
1511896988,11/29/2017,12:23:08 AM,Street 14,Islamabad,21.6760006
1511897008,11/29/2017,12:23:28 AM,Street 14,Islamabad,21.64699936
1511897128,11/29/2017,12:25:28 AM,Street 14,Islamabad,21.64699936
1511897248,11/29/2017,12:27:28 AM,Street 14,Islamabad,21.03199959
1511897499,11/29/2017,12:31:39 AM,Street 14,Islamabad,20
1511897880,11/29/2017,12:38:00 AM,Street 14,Islamabad,21.11899948
1511898044,11/29/2017,12:40:44 AM,Street 14,Islamabad,20
1511898220,11/29/2017,12:43:40 AM,Street 14,Islamabad,21.15600014
1511898584,11/29/2017,12:49:44 AM,Street 14,Islamabad,20
1511898988,11/29/2017,12:56:28 AM,Street 14,Islamabad,20
1511899385,11/29/2017,1:03:05 AM,Street 14,Islamabad,21.17499924
1511899638,11/29/2017,1:07:18 AM,Street 14,Islamabad,21.31800079
1511900000,11/29/2017,1:13:20 AM,Street 14,Islamabad,21.65800095
1511900384,11/29/2017,1:19:44 AM,Street 14,Islamabad,21.40699959
1511900779,11/29/2017,1:26:19 AM,Street 14,Islamabad,21.26399994
1511901073,11/29/2017,1:31:13 AM,Street 14,Islamabad,21.19599915
1511901201,11/29/2017,1:33:21 AM,Street 14,Islamabad,21.49900055
1511901600,11/29/2017,1:40:00 AM,Street 14,Islamabad,21.50200081
1511902002,11/29/2017,1:46:42 AM,Street 14,Islamabad,21.20199966
1511902362,11/29/2017,1:52:42 AM,Street 14,Islamabad,21.07900047
1511902880,11/29/2017,2:01:20 AM,Street 14,Islamabad,20
1511903058,11/29/2017,2:04:18 AM,Street 14,Islamabad,21.08499908
1511903461,11/29/2017,2:11:01 AM,Street 14,Islamabad,20
1511903848,11/29/2017,2:17:28 AM,Street 14,Islamabad,20
1511904153,11/29/2017,2:22:33 AM,Street 14,Islamabad,21.4489994
1511904306,11/29/2017,2:25:06 AM,Street 14,Islamabad,21.46199989
1511904446,11/29/2017,2:27:26 AM,Street 14,Islamabad,21.72999954
1511904807,11/29/2017,2:33:27 AM,Street 14,Islamabad,21.69199944
1511905176,11/29/2017,2:39:36 AM,Street 14,Islamabad,21.09700012
1511905545,11/29/2017,2:45:45 AM,Street 14,Islamabad,21.3409996
1511905911,11/29/2017,2:51:51 AM,Street 14,Islamabad,21.38599968
1511906281,11/29/2017,2:58:01 AM,Street 14,Islamabad,21.34499931
1511906402,11/29/2017,3:00:02 AM,Street 14,Islamabad,21.35300064
1511906764,11/29/2017,3:06:04 AM,Street 14,Islamabad,21.1989994
1511907136,11/29/2017,3:12:16 AM,Street 14,Islamabad,21.51099968
1511907524,11/29/2017,3:18:44 AM,Street 14,Islamabad,21.36000061
1511907918,11/29/2017,3:25:18 AM,Street 14,Islamabad,21.35499954
1511908279,11/29/2017,3:31:19 AM,Street 14,Islamabad,21.22400093
1511908641,11/29/2017,3:37:21 AM,Street 14,Islamabad,21.2329998
1511909041,11/29/2017,3:44:01 AM,Street 14,Islamabad,21.32699966
1511909402,11/29/2017,3:50:02 AM,Street 14,Islamabad,21.43099976
1511909762,11/29/2017,3:56:02 AM,Street 14,Islamabad,21.45299911
1511910123,11/29/2017,4:02:03 AM,Street 14,Islamabad,21.26499939
1511910524,11/29/2017,4:08:44 AM,Street 14,Islamabad,21.54500008
1511910917,11/29/2017,4:15:17 AM,Street 14,Islamabad,21.40399933
1511911228,11/29/2017,4:20:28 AM,Street 14,Islamabad,21.17700005
1511911261,11/29/2017,4:21:01 AM,Street 14,Islamabad,21.26000023
1511911650,11/29/2017,4:27:30 AM,Street 14,Islamabad,21.34000015
1511912042,11/29/2017,4:34:02 AM,Street 14,Islamabad,21.30400085
1511912413,11/29/2017,4:40:13 AM,Street 14,Islamabad,21.29999924
1511912794,11/29/2017,4:46:34 AM,Street 14,Islamabad,21.24200058
1511913154,11/29/2017,4:52:34 AM,Street 14,Islamabad,21.34199905
1511913514,11/29/2017,4:58:34 AM,Street 14,Islamabad,21.3390007
1511913874,11/29/2017,5:04:34 AM,Street 14,Islamabad,21.4260006
1511914252,11/29/2017,5:10:52 AM,Street 14,Islamabad,21.43400002
1511914636,11/29/2017,5:17:16 AM,Street 14,Islamabad,21.40399933
1511915006,11/29/2017,5:23:26 AM,Street 14,Islamabad,21.58499908
1511915401,11/29/2017,5:30:01 AM,Street 14,Islamabad,21.53000069
1511915783,11/29/2017,5:36:23 AM,Street 14,Islamabad,21.43199921
1511916146,11/29/2017,5:42:26 AM,Street 14,Islamabad,21.36899948
1511916541,11/29/2017,5:49:01 AM,Street 14,Islamabad,21.3579998
1511916931,11/29/2017,5:55:31 AM,Street 14,Islamabad,21.33300018
1511917291,11/29/2017,6:01:31 AM,Street 14,Islamabad,21.2840004
1511917653,11/29/2017,6:07:33 AM,Street 14,Islamabad,21.40200043
1511918014,11/29/2017,6:13:34 AM,Street 14,Islamabad,21.3579998
1511918402,11/29/2017,6:20:02 AM,Street 14,Islamabad,21.50200081
1511918766,11/29/2017,6:26:06 AM,Street 14,Islamabad,21.4260006
1511919162,11/29/2017,6:32:42 AM,Street 14,Islamabad,21.38100052
1511919522,11/29/2017,6:38:42 AM,Street 14,Islamabad,21.46100044
1511919891,11/29/2017,6:44:51 AM,Street 14,Islamabad,21.42300034
1511920261,11/29/2017,6:51:01 AM,Street 14,Islamabad,21.42399979
1511920648,11/29/2017,6:57:28 AM,Street 14,Islamabad,21.3239994
1511921030,11/29/2017,7:03:50 AM,Street 14,Islamabad,21.40099907
1511921392,11/29/2017,7:09:52 AM,Street 14,Islamabad,21.58600044
1511921811,11/29/2017,7:16:51 AM,Street 14,Islamabad,21.53899956
1511922171,11/29/2017,7:22:51 AM,Street 14,Islamabad,21.43199921
1511922531,11/29/2017,7:28:51 AM,Street 14,Islamabad,21.50699997
1511922919,11/29/2017,7:35:19 AM,Street 14,Islamabad,21.51399994
1511923280,11/29/2017,7:41:20 AM,Street 14,Islamabad,21.45400047
1511923640,11/29/2017,7:47:20 AM,Street 14,Islamabad,21.48500061
1511924002,11/29/2017,7:53:22 AM,Street 14,Islamabad,21.43700027
1511924400,11/29/2017,8:00:00 AM,Street 14,Islamabad,21.43199921
1511924840,11/29/2017,8:07:20 AM,Street 14,Islamabad,21.24699974
1511925200,11/29/2017,8:13:20 AM,Street 14,Islamabad,21.27000046
1511925560,11/29/2017,8:19:20 AM,Street 14,Islamabad,21.32799911
1511925844,11/29/2017,8:24:04 AM,Street 14,Islamabad,21.56999969
1511925964,11/29/2017,8:26:04 AM,Street 14,Islamabad,21.23600006
1511926525,11/29/2017,8:35:25 AM,Street 14,Islamabad,21.61400032
1511926888,11/29/2017,8:41:28 AM,Street 14,Islamabad,21.82799911
1511927040,11/29/2017,8:44:00 AM,Street 14,Islamabad,21.77400017
1511927191,11/29/2017,8:46:31 AM,Street 14,Islamabad,21.81900024
1511927484,11/29/2017,8:51:24 AM,Street 14,Islamabad,23.45899963
1511927855,11/29/2017,8:57:35 AM,Street 14,Islamabad,21.84900093
1511928241,11/29/2017,9:04:01 AM,Street 14,Islamabad,21.625
1511928574,11/29/2017,9:09:34 AM,Street 14,Islamabad,21.70700073
1511928587,11/29/2017,9:09:47 AM,Street 14,Islamabad,21.58600044
1511928607,11/29/2017,9:10:07 AM,Street 14,Islamabad,21.72699928
1511928627,11/29/2017,9:10:27 AM,Street 14,Islamabad,21.64599991
1511976503,11/29/2017,10:28:23 PM,363,Islamabad,1000
1511976603,11/29/2017,10:30:03 PM,363,Islamabad,1000
1511976886,11/29/2017,10:34:46 PM,708,Islamabad,21.85199928
1511977261,11/29/2017,10:41:01 PM,708,Islamabad,22.02199936
1511977442,11/29/2017,10:44:02 PM,708,Islamabad,22.24200058
1511977625,11/29/2017,10:47:05 PM,708,Islamabad,22.18199921
1511978001,11/29/2017,10:53:21 PM,708,Islamabad,21.85000038
1511978254,11/29/2017,10:57:34 PM,708,Islamabad,22.16200066
1511978617,11/29/2017,11:03:37 PM,708,Islamabad,22.31900024
1511978737,11/29/2017,11:05:37 PM,708,Islamabad,22.25
1511979098,11/29/2017,11:11:38 PM,708,Islamabad,22.31299973
1511979459,11/29/2017,11:17:39 PM,708,Islamabad,22.18000031
1511979850,11/29/2017,11:24:10 PM,708,Islamabad,22.26099968
1511980236,11/29/2017,11:30:36 PM,708,Islamabad,22.1079998
1511980442,11/29/2017,11:34:02 PM,708,Islamabad,22.21899986
1511980897,11/29/2017,11:41:37 PM,708,Islamabad,22.35499954
1511981274,11/29/2017,11:47:54 PM,708,Islamabad,22.20199966
1511981649,11/29/2017,11:54:09 PM,708,Islamabad,21.78800011
1511982015,11/30/2017,12:00:15 AM,708,Islamabad,22.22900009
1511982377,11/30/2017,12:06:17 AM,708,Islamabad,21.84000015
1511982747,11/30/2017,12:12:27 AM,708,Islamabad,22.20700073
1511982901,11/30/2017,12:15:01 AM,708,Islamabad,22.33699989
1511983264,11/30/2017,12:21:04 AM,708,Islamabad,21.97500038
1511983634,11/30/2017,12:27:14 AM,708,Islamabad,20
1511983995,11/30/2017,12:33:15 AM,708,Islamabad,21.79800034
1511984363,11/30/2017,12:39:23 AM,708,Islamabad,22.20999908
1511984742,11/30/2017,12:45:42 AM,708,Islamabad,22.0359993
1511984955,11/30/2017,12:49:15 AM,708,Islamabad,21.95499992
1511985075,11/30/2017,12:51:15 AM,708,Islamabad,22.06299973
1511985543,11/30/2017,12:59:03 AM,708,Islamabad,22.10300064
1511985665,11/30/2017,1:01:05 AM,708,Islamabad,21.93700027
1511986056,11/30/2017,1:07:36 AM,708,Islamabad,22.09199905
1511986418,11/30/2017,1:13:38 AM,708,Islamabad,22.04899979
1511986801,11/30/2017,1:20:01 AM,708,Islamabad,21.73399925
1511987281,11/30/2017,1:28:01 AM,708,Islamabad,22.24399948
1511987679,11/30/2017,1:34:39 AM,708,Islamabad,22.26399994
1511988040,11/30/2017,1:40:40 AM,708,Islamabad,22.19499969
1511988463,11/30/2017,1:47:43 AM,708,Islamabad,22.3029995
1511988706,11/30/2017,1:51:46 AM,708,Islamabad,22.11700058
1511988967,11/30/2017,1:56:07 AM,708,Islamabad,22.16600037
1511989337,11/30/2017,2:02:17 AM,708,Islamabad,22.13999939
1511989593,11/30/2017,2:06:33 AM,708,Islamabad,22.14299965
1511989716,11/30/2017,2:08:36 AM,708,Islamabad,22.19000053
1511989960,11/30/2017,2:12:40 AM,708,Islamabad,20
1511990317,11/30/2017,2:18:37 AM,708,Islamabad,22.28199959
1511990474,11/30/2017,2:21:14 AM,708,Islamabad,22.25699997
1511990804,11/30/2017,2:26:44 AM,708,Islamabad,22.48500061
1511991121,11/30/2017,2:32:01 AM,708,Islamabad,22.22999954
1511991363,11/30/2017,2:36:03 AM,708,Islamabad,22.29500008
1511991728,11/30/2017,2:42:08 AM,708,Islamabad,22.11400032
1511992092,11/30/2017,2:48:12 AM,708,Islamabad,22.00099945
1511992398,11/30/2017,2:53:18 AM,708,Islamabad,22.32999992
1511992754,11/30/2017,2:59:14 AM,708,Islamabad,22.14999962
1511993116,11/30/2017,3:05:16 AM,708,Islamabad,21.93199921
1511993478,11/30/2017,3:11:18 AM,708,Islamabad,22.14299965
1511993619,11/30/2017,3:13:39 AM,708,Islamabad,22.19000053
1511993841,11/30/2017,3:17:21 AM,708,Islamabad,22.12700081
1511994248,11/30/2017,3:24:08 AM,708,Islamabad,22.1989994
1511994382,11/30/2017,3:26:22 AM,708,Islamabad,22.11499977
1511994755,11/30/2017,3:32:35 AM,708,Islamabad,22.0890007
1511995021,11/30/2017,3:37:01 AM,708,Islamabad,22.07900047
1511995502,11/30/2017,3:45:02 AM,708,Islamabad,22.32799911
1511995899,11/30/2017,3:51:39 AM,708,Islamabad,22.27000046
1511996260,11/30/2017,3:57:40 AM,708,Islamabad,22.38699913
1511996641,11/30/2017,4:04:01 AM,708,Islamabad,22.43099976
1511997020,11/30/2017,4:10:20 AM,708,Islamabad,22.4109993
1511997386,11/30/2017,4:16:26 AM,708,Islamabad,22.38100052
1511997781,11/30/2017,4:23:01 AM,708,Islamabad,22.45199966
1511998141,11/30/2017,4:29:01 AM,708,Islamabad,22.38400078
1511998502,11/30/2017,4:35:02 AM,708,Islamabad,23.28700066
1511998899,11/30/2017,4:41:39 AM,708,Islamabad,22.38599968
1511999281,11/30/2017,4:48:01 AM,708,Islamabad,22.375
1511999678,11/30/2017,4:54:38 AM,708,Islamabad,22.35499954
1512000038,11/30/2017,5:00:38 AM,708,Islamabad,23.27300072
1512000403,11/30/2017,5:06:43 AM,708,Islamabad,22.20199966
1512000800,11/30/2017,5:13:20 AM,708,Islamabad,23.28899956
1512001171,11/30/2017,5:19:31 AM,708,Islamabad,22.41799927
1512001539,11/30/2017,5:25:39 AM,708,Islamabad,22.40500069
1512001900,11/30/2017,5:31:40 AM,708,Islamabad,22.42099953
1512002260,11/30/2017,5:37:40 AM,708,Islamabad,22.37199974
1512002641,11/30/2017,5:44:01 AM,708,Islamabad,22.36300087
1512003001,11/30/2017,5:50:01 AM,708,Islamabad,22.45299911
1512003371,11/30/2017,5:56:11 AM,708,Islamabad,22.39699936
1512003775,11/30/2017,6:02:55 AM,708,Islamabad,22.4260006
1512004142,11/30/2017,6:09:02 AM,708,Islamabad,22.31200027
1512004510,11/30/2017,6:15:10 AM,708,Islamabad,22.44099998
1512004905,11/30/2017,6:21:45 AM,708,Islamabad,22.39100075
1512005267,11/30/2017,6:27:47 AM,708,Islamabad,22.37299919
1512005661,11/30/2017,6:34:21 AM,708,Islamabad,22.37800026
1512006023,11/30/2017,6:40:23 AM,708,Islamabad,22.38500023
1512006382,11/30/2017,6:46:22 AM,708,Islamabad,22.29899979
1512006780,11/30/2017,6:53:00 AM,708,Islamabad,22.3579998
1512007159,11/30/2017,6:59:19 AM,708,Islamabad,22.37299919
1512007562,11/30/2017,7:06:02 AM,708,Islamabad,22.29700089
1512007922,11/30/2017,7:12:02 AM,708,Islamabad,22.36000061
1512008317,11/30/2017,7:18:37 AM,708,Islamabad,22.23900032
1512008701,11/30/2017,7:25:01 AM,708,Islamabad,22.26499939
1512009094,11/30/2017,7:31:34 AM,708,Islamabad,22.25799942
1512009454,11/30/2017,7:37:34 AM,708,Islamabad,22.40399933
1512009841,11/30/2017,7:44:01 AM,708,Islamabad,22.29800034
1512010202,11/30/2017,7:50:02 AM,708,Islamabad,22.33799934
1512010563,11/30/2017,7:56:03 AM,708,Islamabad,22.32699966
1512010955,11/30/2017,8:02:35 AM,708,Islamabad,22.19300079
1512011317,11/30/2017,8:08:37 AM,708,Islamabad,22.2329998
1512011408,11/30/2017,8:10:08 AM,708,Islamabad,22.28300095
1512011534,11/30/2017,8:12:14 AM,708,Islamabad,22.4090004
1512011917,11/30/2017,8:18:37 AM,708,Islamabad,22.17900085
1512012303,11/30/2017,8:25:03 AM,708,Islamabad,22.06299973
1512012485,11/30/2017,8:28:05 AM,708,Islamabad,22.33600044
1512012846,11/30/2017,8:34:06 AM,708,Islamabad,22.21299934
1512013206,11/30/2017,8:40:06 AM,708,Islamabad,22.21299934
1512013596,11/30/2017,8:46:36 AM,708,Islamabad,22.07999992
1512013956,11/30/2017,8:52:36 AM,708,Islamabad,22.10300064
1512014316,11/30/2017,8:58:36 AM,708,Islamabad,22.11599922
1512014777,11/30/2017,9:06:17 AM,708,Islamabad,21.9640007
1512015026,11/30/2017,9:10:26 AM,708,Islamabad,22.09900093
1512015387,11/30/2017,9:16:27 AM,708,Islamabad,21.92499924
1512015747,11/30/2017,9:22:27 AM,708,Islamabad,21.90399933
1512015961,11/30/2017,9:26:01 AM,708,Islamabad,21.87199974
1512016295,11/30/2017,9:31:35 AM,708,Islamabad,21.89800072
1512016660,11/30/2017,9:37:40 AM,708,Islamabad,21.93600082
1512017029,11/30/2017,9:43:49 AM,708,Islamabad,22.35400009
1512017403,11/30/2017,9:50:03 AM,708,Islamabad,22.21899986
1512027303,11/30/2017,12:35:03 PM,AK Brohi Road,Islamabad,34.29700089
1512040519,11/30/2017,4:15:19 PM,363,Islamabad,1000
1512040775,11/30/2017,4:19:35 PM,363,Islamabad,1000
1512041164,11/30/2017,4:26:04 PM,708,Islamabad,21.62800026
1512041292,11/30/2017,4:28:12 PM,708,Islamabad,21.91200066
1512041653,11/30/2017,4:34:13 PM,708,Islamabad,21.97699928
1512041881,11/30/2017,4:38:01 PM,708,Islamabad,21.64299965
1512042123,11/30/2017,4:42:03 PM,708,Islamabad,22.27000046
1512042484,11/30/2017,4:48:04 PM,708,Islamabad,22.10499954
1512042621,11/30/2017,4:50:21 PM,708,Islamabad,22.37199974
1512042879,11/30/2017,4:54:39 PM,708,Islamabad,22.20899963
1512043021,11/30/2017,4:57:01 PM,708,Islamabad,22.34700012
1512043143,11/30/2017,4:59:03 PM,708,Islamabad,22.18899918
1512043402,11/30/2017,5:03:22 PM,708,Islamabad,22.07299995
1512043763,11/30/2017,5:09:23 PM,708,Islamabad,21.9260006
1512043949,11/30/2017,5:12:29 PM,708,Islamabad,22.09799957
1512044219,11/30/2017,5:16:59 PM,708,Islamabad,22.42700005
1512044341,11/30/2017,5:19:01 PM,708,Islamabad,23.09499931
1512044489,11/30/2017,5:21:29 PM,708,Islamabad,22.24099922
1512044856,11/30/2017,5:27:36 PM,708,Islamabad,22.33499908
1512045246,11/30/2017,5:34:06 PM,708,Islamabad,22.15200043
1512045606,11/30/2017,5:40:06 PM,708,Islamabad,23.11400032
1512046049,11/30/2017,5:47:29 PM,708,Islamabad,22.29700089
1512046236,11/30/2017,5:50:36 PM,708,Islamabad,22.27199936
1512046388,11/30/2017,5:53:08 PM,708,Islamabad,22.10199928
1512046775,11/30/2017,5:59:35 PM,708,Islamabad,22.12899971
1512047137,11/30/2017,6:05:37 PM,708,Islamabad,22.15299988
1512047521,11/30/2017,6:12:01 PM,708,Islamabad,20.10000038
1512047915,11/30/2017,6:18:35 PM,708,Islamabad,21.75699997
1512048061,11/30/2017,6:21:01 PM,708,Islamabad,22.01399994
1512048433,11/30/2017,6:27:13 PM,708,Islamabad,22.04199982
1512048815,11/30/2017,6:33:35 PM,708,Islamabad,22.06200027
1512049201,11/30/2017,6:40:01 PM,708,Islamabad,22.1060009
1512049593,11/30/2017,6:46:33 PM,708,Islamabad,21.9109993
1512049861,11/30/2017,6:51:01 PM,708,Islamabad,22.17099953
1512050136,11/30/2017,6:55:36 PM,708,Islamabad,22.22400093
1512050154,11/30/2017,6:55:54 PM,708,Islamabad,22.45299911
1512050174,11/30/2017,6:56:14 PM,708,Islamabad,22.16699982
1512050533,11/30/2017,7:02:13 PM,708,Islamabad,22.34000015
1512050914,11/30/2017,7:08:34 PM,708,Islamabad,20.89999962
1512051167,11/30/2017,7:12:47 PM,708,Islamabad,23.19199944
1512051287,11/30/2017,7:14:47 PM,708,Islamabad,22.32600021
1512051724,11/30/2017,7:22:04 PM,708,Islamabad,22.27499962
1512051885,11/30/2017,7:24:45 PM,708,Islamabad,22.4489994
1512052927,11/30/2017,7:42:07 PM,Street 14,Islamabad,21.06999969
1512053076,11/30/2017,7:44:36 PM,Street 14,Islamabad,20
1512053438,11/30/2017,7:50:38 PM,Street 14,Islamabad,21.30599976
1512053564,11/30/2017,7:52:44 PM,Street 14,Islamabad,21.21299934
1512053941,11/30/2017,7:59:01 PM,Street 14,Islamabad,20
1512054304,11/30/2017,8:05:04 PM,Street 14,Islamabad,21.52599907
